enzyme_conc,substrate_conc,incubation_time,assay_optimization_score,priority,assay_optimization_score_predicted_mean,assay_optimization_score_predicted_variance,assay_optimization_score_expected_improvement
24,27,480,PENDING,1.0,1.8750385107828977,0.16993301367043295,0.05704092637750517
44,10,30,PENDING,0.0,0.20422525144127482,0.008822615038677168,0.0
44,10,15,PENDING,0.0,0.20563203795182244,0.009294294700505648,0.0
44,10,5,PENDING,0.0,0.2065763181949371,0.009636695918109532,0.0
44,8,480,PENDING,0.0,0.17331518040481259,0.024022110176654395,0.0
44,8,315,PENDING,0.0,0.1838728012910149,0.015009591437064712,0.0
44,8,240,PENDING,0.0,0.18905196538727653,0.012998814030127362,0.0
44,8,180,PENDING,0.0,0.19336841163046248,0.01231381055483496,0.0
44,8,120,PENDING,0.0,0.19783967844743588,0.012453348580099551,0.0
44,8,60,PENDING,0.0,0.20246640997164156,0.013428729419890872,0.0
44,8,30,PENDING,0.0,0.20483814352388496,0.01423532605098866,0.0
44,8,15,PENDING,0.0,0.20603858408380332,0.01471955014062189,0.0
44,8,5,PENDING,0.0,0.20684426654820204,0.015072601222650849,0.0
44,4,480,PENDING,0.0,0.18773241242725308,0.05206663051283998,2.4676769584495725e-76
44,4,315,PENDING,0.0,0.1954897343659125,0.03952476328187329,2.1440813904190234e-128
44,4,240,PENDING,0.0,0.19926307991004807,0.03632901518223174,1.3829612930151158e-150
44,4,180,PENDING,0.0,0.20239691304265092,0.03490522124434349,3.188530869427942e-162
44,4,120,PENDING,0.0,0.20563556039919556,0.03449793881004306,2.0570693299443827e-165
44,4,60,PENDING,0.0,0.20898121162040742,0.03511989931531625,3.276778765647257e-159
44,4,30,PENDING,0.0,0.21069477878713797,0.03582170249436604,6.183903349314099e-153
44,4,15,PENDING,0.0,0.21156184036911424,0.0362712627711066,3.831858361448423e-149
44,4,5,PENDING,0.0,0.21214370344509442,0.03660770660112291,2.0866032076081386e-146
44,2,480,PENDING,0.0,0.195167030575105,0.07491391609448989,1.6002419383007668e-38
44,2,315,PENDING,0.0,0.20175860413644792,0.060158985008047144,2.3551274542306428e-57
44,2,240,PENDING,0.0,0.2049578858697716,0.056176035444684594,5.268336028805591e-65
44,2,180,PENDING,0.0,0.20761318989799044,0.054234690909088654,2.8426138265829664e-69
44,2,120,PENDING,0.0,0.21035650819689505,0.05341500513543043,4.260948348857681e-71
44,2,60,PENDING,0.0,0.21319034643380902,0.05373272236881593,4.1858841462310934e-70
44,2,30,PENDING,0.0,0.2146419300739686,0.05432334358676316,1.4235453585750334e-68
44,2,15,PENDING,0.0,0.21537650008481907,0.05472753065853334,1.4287423450141911e-67
44,2,5,PENDING,0.0,0.21586948393894437,0.05503749480222182,8.003021772398014e-67
44,1,480,PENDING,0.0,0.19879242553107893,0.08913439778321794,4.099703766971031e-28
44,1,315,PENDING,0.0,0.2048576017636627,0.0732520795877122,9.3627490278761e-40
44,1,240,PENDING,0.0,0.2077994393501743,0.06886200405650054,2.1828814233264807e-44
44,1,180,PENDING,0.0,0.21024077408157232,0.06664906705597315,5.020516084025661e-47
44,1,120,PENDING,0.0,0.2127630712234528,0.06560852857987533,2.7197173380218663e-48
44,1,60,PENDING,0.0,0.21536890060994107,0.06575764321654164,5.753533515939735e-48
44,1,30,PENDING,0.0,0.21670388244950337,0.06628377269485239,3.3306135091505765e-47
44,1,15,PENDING,0.0,0.21737950695190345,0.06666066652845493,1.1082100491486182e-46
24,27,315,PENDING,0.0,1.8930666367708535,0.13189795082424832,0.03714328892274538
24,27,240,PENDING,0.0,1.8987527813172664,0.11999562070594258,0.03119575384425568
24,27,180,PENDING,0.0,1.9021283805986182,0.11299524721778244,0.02778996102917123
24,27,120,PENDING,0.0,1.9044420818936154,0.10827675616187135,0.0255444052446661
24,27,60,PENDING,0.0,1.905681777719383,0.1058656738926177,0.024423070982870547
24,27,15,PENDING,0.0,1.9059027105785575,0.10558005010297562,0.02430605583814876
24,27,5,PENDING,0.0,1.905869197185976,0.10569404320815012,0.024363952621939355
24,16,480,PENDING,0.0,1.2764399541853826,0.21428506672851608,0.005054441564801192
24,16,315,PENDING,0.0,1.285872223822655,0.18039923089356544,0.001758071443692777
24,16,240,PENDING,0.0,1.2887914274415269,0.16983524507509185,0.001140900951791913
24,16,180,PENDING,0.0,1.290495647546313,0.1636278165202944,0.0008573128017098659
24,16,120,PENDING,0.0,1.2916329171494871,0.15944156968931025,0.0006961822259032137
24,16,60,PENDING,0.0,1.292199842322733,0.15729316053769654,0.0006222376728120321
24,16,30,PENDING,0.0,1.2922689148167956,0.15698623999311234,0.000612074777514373
24,16,15,PENDING,0.0,1.2922498406497538,0.15702484847433892,0.0006132837034589196
24,16,5,PENDING,0.0,1.2922172767065419,0.15712173218220393,0.0006164178750945369
24,14,480,PENDING,0.0,1.1375980046322431,0.21780708405850027,0.002361238813724789
24,14,315,PENDING,0.0,1.1449641766659449,0.18398131928585756,0.0006487691478331116
24,14,240,PENDING,0.0,1.1472248806596488,0.17341170848350798,0.00038051916354271123
24,14,180,PENDING,0.0,1.148534355334846,0.16718446599543366,0.0002669375978452105
24,14,120,PENDING,0.0,1.1493966380797378,0.16296477866665357,0.00020580519279347594
24,14,60,PENDING,0.0,1.1498098342081846,0.16076948168241267,0.00017845806441872214
24,14,30,PENDING,0.0,1.149847795255444,0.1604341808163954,0.00017449021430634374
24,14,15,PENDING,0.0,1.1498246265392589,0.16045739051622013,0.00017472417216019085
24,14,5,PENDING,0.0,1.1497935786252056,0.1605435665870505,0.00017569838030457381
24,12,480,PENDING,0.0,0.9960558675982726,0.21495797025456842,0.0008064438631975772
24,12,315,PENDING,0.0,1.0013495197833242,0.18076088056584322,0.0001463594674798777
24,12,240,PENDING,0.0,1.0029503855047088,0.17004041862032715,7.115731999502903e-05
24,12,180,PENDING,0.0,1.00386457380543,0.16370272563176172,4.379802472272989e-05
24,12,120,PENDING,0.0,1.004451725703962,0.15938281269069246,3.054107373679464e-05
24,12,60,PENDING,0.0,1.0047114031383,0.1570984458495628,2.4957442233654195e-05
24,12,30,PENDING,0.0,1.0047184847536386,0.1567230496077505,2.4114229245311583e-05
24,12,15,PENDING,0.0,1.0046913691855623,0.15672736102241566,2.41156351895178e-05
24,12,5,PENDING,0.0,1.0046619476394358,0.15680137084174656,2.4271524155528956e-05
24,10,480,PENDING,0.0,0.8545341714588514,0.20646323442008965,0.00017675614265459574
24,10,315,PENDING,0.0,0.8577981355746268,0.1714994564691219,1.5566791800726147e-05
24,10,240,PENDING,0.0,0.858753056213718,0.16049559301843347,5.358553329274285e-06
24,10,180,PENDING,0.0,0.8592804084872465,0.1539651789632432,2.576282789076861e-06
24,10,120,PENDING,0.0,0.8595984621653698,0.1494850049598677,1.4805268435156581e-06
24,10,60,PENDING,0.0,0.8597082131009965,0.14707449529140307,1.077024245544022e-06
24,10,30,PENDING,0.0,0.8596852943925595,0.14664922255055657,1.0160414020408144e-06
24,10,15,PENDING,0.0,0.8596544426199858,0.1466319472862356,1.013154945239299e-06
24,10,5,PENDING,0.0,0.8596267032430307,0.1466928151436134,1.021180316522709e-06
24,8,480,PENDING,0.0,0.7156449152162868,0.19440285601903015,2.1929226849505123e-05
24,8,315,PENDING,0.0,0.7169700835362507,0.1583732783244173,5.658071990213987e-07
24,8,240,PENDING,0.0,0.7173079122719281,0.14698566733210425,1.0427060249761098e-07
24,8,180,PENDING,0.0,0.717465748725379,0.1402005071465758,3.1591409020063255e-08
24,8,120,PENDING,0.0,0.717526869958454,0.13551526724296628,1.2531892793340324e-08
24,8,60,PENDING,0.0,0.7174937000001838,0.13295169360923387,7.256426255429435e-09
24,8,30,PENDING,0.0,0.7174423508097632,0.13246992193563317,6.520381718329772e-09
24,8,15,PENDING,0.0,0.7174080652148895,0.13242947019796375,6.457745452147238e-09
24,8,5,PENDING,0.0,0.7173820310432769,0.13247677453880471,6.522094116908765e-09
24,4,480,PENDING,0.0,0.4552191086760655,0.17309294941281742,9.166543129710186e-08
24,4,315,PENDING,0.0,0.45313528405933484,0.13468841815250354,3.283116807021164e-11
24,4,240,PENDING,0.0,0.4523877666047008,0.12245001963856778,5.321110238007755e-13
24,4,180,PENDING,0.0,0.4518957962734753,0.11510456799906123,2.3899516626153853e-14
24,4,120,PENDING,0.0,0.4515055533466111,0.10997438362961054,1.8973408153184758e-15
24,4,60,PENDING,0.0,0.451222299118076,0.10708726741079688,3.886518575764885e-16
24,4,30,PENDING,0.0,0.4511219540174685,0.1064906088704003,2.7527414424617505e-16
24,4,15,PENDING,0.0,0.45108223323435326,0.10640458995455764,2.615532017382817e-16
24,4,5,PENDING,0.0,0.45105963906858765,0.10642593301642031,2.6457656445482363e-16
24,2,480,PENDING,0.0,0.3376707348047222,0.1718944824636734,1.2734979417435033e-08
24,2,315,PENDING,0.0,0.3342157868366823,0.13260273046997983,8.91550009373287e-13
24,2,240,PENDING,0.0,0.3330333145957607,0.1200406304455645,5.4533923647911306e-15
24,2,180,PENDING,0.0,0.3322814871309935,0.11247905329271791,1.1094304842465308e-16
24,2,120,PENDING,0.0,0.331711330264387,0.10717449555859723,4.4129903438233105e-18
24,2,60,PENDING,0.0,0.3313293025531845,0.10415764195131266,5.658713354756059e-19
24,2,30,PENDING,0.0,0.3312102635017375,0.10351354482493307,3.5617667836003434e-19
24,2,15,PENDING,0.0,0.33116889546861966,0.10340824465847545,3.296455299338296e-19
24,2,5,PENDING,0.0,0.3311480567811286,0.10341838608881564,3.3176976468062496e-19
24,1,480,PENDING,0.0,0.28274142878510494,0.17537725957360314,9.576544597634228e-09
24,1,315,PENDING,0.0,0.2787028009358186,0.13581123654610813,6.520613020696607e-13
24,1,240,PENDING,0.0,0.277336709593586,0.1231461958590217,4.0532857849375285e-15
24,1,180,PENDING,0.0,0.27647576224321857,0.11551402861059028,8.43476331902185e-17
24,1,120,PENDING,0.0,0.27583051528003344,0.11015034521072532,3.4278139938852607e-18
24,1,60,PENDING,0.0,0.27540775102647247,0.10708663431436574,4.431615235055563e-19
24,1,30,PENDING,0.0,0.27528130112007354,0.10642391698838333,2.7786702875996406e-19
24,1,15,PENDING,0.0,0.2752394755330192,0.1063105365054908,2.5610766154400384e-19
20,27,480,PENDING,0.0,1.1870474811425282,0.28944957021011114,0.015388257396184907
20,27,315,PENDING,0.0,1.1945579719947208,0.2606050452487452,0.00955922856785836
20,27,240,PENDING,0.0,1.1968662754683943,0.25194229883656083,0.00809637218181402
20,27,180,PENDING,0.0,1.19820591099678,0.24706400727831282,0.00733304394670229
20,27,120,PENDING,0.0,1.1990913149240523,0.24402905154501872,0.006881400428181035
20,27,60,PENDING,0.0,1.1995205159432272,0.24284885292666442,0.006713125876459326
20,27,30,PENDING,0.0,1.1995637669182462,0.2429561539616455,0.006731206683843548
20,27,15,PENDING,0.0,1.1995425546253817,0.24318424477256353,0.006765764171301848
20,27,5,PENDING,0.0,1.1995125535969446,0.24340089826761419,0.006798337066664117
20,16,480,PENDING,0.0,0.7570542128885279,0.2794404561382584,0.0016779203898948936
20,16,315,PENDING,0.0,0.7600588730698876,0.258827021988951,0.0008880215482816424
20,16,240,PENDING,0.0,0.7609233064628149,0.25384569701034293,0.0007475034621413018
20,16,180,PENDING,0.0,0.7613868646120472,0.25185853010334286,0.0006967328215363843
20,16,120,PENDING,0.0,0.7616471621379756,0.2516516090788253,0.0006925268341904604
20,16,60,PENDING,0.0,0.7617041584707751,0.2532230291067232,0.0007342479980179161
20,16,30,PENDING,0.0,0.7616565390358583,0.2546735098864146,0.0007738764213539645
20,16,15,PENDING,0.0,0.7616137392091107,0.25556436823279366,0.0007989048689496176
20,16,5,PENDING,0.0,0.7615781826865137,0.2562194747493511,0.0008176597016148687
20,14,480,PENDING,0.0,0.6630492952989807,0.2831032809123008,0.0011258808737200279
20,14,315,PENDING,0.0,0.6650225203782216,0.2634981345035306,0.0005867313511323498
20,14,240,PENDING,0.0,0.6655605871476267,0.2589786627641164,0.0004962660920692034
20,14,180,PENDING,0.0,0.6658289066385163,0.25735973196179707,0.000466753718938266
20,14,120,PENDING,0.0,0.6659532113612618,0.2575182451763921,0.00047003891995964133
20,14,60,PENDING,0.0,0.6659339085392704,0.2594507227792817,0.0005065754560711483
20,14,30,PENDING,0.0,0.6658706104021326,0.2610796001346742,0.0005388205477641237
20,14,15,PENDING,0.0,0.6658255964065892,0.26205903844095446,0.0005589035851757537
20,14,5,PENDING,0.0,0.6657906475954375,0.26277295284853447,0.0005738797646316265
20,12,480,PENDING,0.0,0.5677661581676774,0.2877831582716981,0.0007719560718831521
20,12,315,PENDING,0.0,0.568701720417786,0.26887783579725905,0.0003952420533330594
20,12,240,PENDING,0.0,0.5689126215424607,0.26468465438876126,0.000335089750748919
20,12,180,PENDING,0.0,0.568985977881836,0.263328872837305,0.0003172232795638011
20,12,120,PENDING,0.0,0.5689753740823835,0.26375142321840456,0.00032273761032887253
20,12,60,PENDING,0.0,0.5688816582742402,0.26594786062441883,0.00035249790893566264
20,12,30,PENDING,0.0,0.5688039223496055,0.2677083767230749,0.00037780994033983096
20,12,15,PENDING,0.0,0.5687573885000098,0.26875349328939513,0.0003934707814533542
20,12,5,PENDING,0.0,0.5687235375022626,0.2695111299767674,0.000405125956438066
20,10,480,PENDING,0.0,0.4727860543593022,0.2944045328775329,0.0005663901051962848
20,10,315,PENDING,0.0,0.47270349637191617,0.27589628340532696,0.0002859163507657322
20,10,240,PENDING,0.0,0.4725945611598368,0.27189172251864496,0.0002425747638860518
20,10,180,PENDING,0.0,0.4724780616051747,0.27069016281965647,0.00023049074262447133
20,10,120,PENDING,0.0,0.4723369569715341,0.27126959883636953,0.00023595793787128862
20,10,60,PENDING,0.0,0.472172515033133,0.2736252475107568,0.0002598891949270642
20,10,30,PENDING,0.0,0.4720819088861974,0.2754661176715978,0.00027992070791769746
20,10,15,PENDING,0.0,0.4720345691842298,0.2765515742591333,0.00029228520345236106
20,10,5,PENDING,0.0,0.47200226601968753,0.27733615965121594,0.00030148304046225937
20,8,480,PENDING,0.0,0.37965535879041423,0.304267464437607,0.0004723091589754324
20,8,315,PENDING,0.0,0.37859912102389065,0.28589076173038,0.0002381035111280799
20,8,240,PENDING,0.0,0.3781854949665911,0.28194836468320406,0.00020222442547449893
20,8,180,PENDING,0.0,0.3778888673391829,0.28079832907352636,0.00019238283440657037
20,8,120,PENDING,0.0,0.37762481641400303,0.28143121695892054,0.00019721846126138616
20,8,60,PENDING,0.0,0.37739499441152413,0.2838424825173582,0.00021755135576771853
20,8,30,PENDING,0.0,0.37729335483591286,0.28571202655064026,0.0002345137870913964
20,8,15,PENDING,0.0,0.3772459176204176,0.2868120427626905,0.00024497962602477476
20,8,5,PENDING,0.0,0.3772155565785086,0.28760641784668023,0.0002527649410033147
20,4,480,PENDING,0.0,0.20462455913878191,0.3398046352466332,0.0005921705076581572
20,4,315,PENDING,0.0,0.20184301107012964,0.3211587840263362,0.0003202046620226326
20,4,240,PENDING,0.0,0.20089314100418504,0.31705754262229807,0.0002756572766277987
20,4,180,PENDING,0.0,0.2002817052352574,0.31576747360204643,0.0002622353276374584
20,4,120,PENDING,0.0,0.19980536378426927,0.3162507711151565,0.00026615892938063697
20,4,60,PENDING,0.0,0.1994663805826775,0.3185046224296459,0.0002879944326613041
20,4,30,PENDING,0.0,0.1993489392023907,0.320293039052504,0.0003065302302163171
20,4,15,PENDING,0.0,0.19930330228881152,0.32135197170456564,0.0003179699706917132
20,4,5,PENDING,0.0,0.19927773413289213,0.3221187810279581,0.0003264693646934393
20,2,480,PENDING,0.0,0.1251660079709644,0.36845967851486083,0.0009109925910580317
20,2,315,PENDING,0.0,0.12166827436016392,0.3495750643418735,0.0005302990654681098
20,2,240,PENDING,0.0,0.12049783123644195,0.3453155113587477,0.00046353936295285246
20,2,180,PENDING,0.0,0.11975810407802912,0.34387844445318944,0.00044177950124899435
20,2,120,PENDING,0.0,0.11919664347907041,0.3441979246191197,0.00044494983014174184
20,2,60,PENDING,0.0,0.11881591993166035,0.3462723372398984,0.00047342262864725516
20,2,30,PENDING,0.0,0.11869390791362491,0.3479655535474287,0.0004981179564871058
20,2,15,PENDING,0.0,0.11865006180919346,0.34897558165232606,0.0005133760206892249
20,2,5,PENDING,0.0,0.118627196843588,0.34970931754445594,0.000524701948747216
20,1,480,PENDING,0.0,0.08788433445923124,0.38606314977070155,0.0012042681013491683
20,1,315,PENDING,0.0,0.08407053561737834,0.36706888822467365,0.0007318876468523847
20,1,240,PENDING,0.0,0.08280334379787063,0.3627248162940723,0.0006457789369094611
20,1,180,PENDING,0.0,0.08200769391265217,0.36120549053564477,0.0006165463119174762
20,1,120,PENDING,0.0,0.0814095364943426,0.36143032437789646,0.0006187656855188278
20,1,60,PENDING,0.0,0.08101141777608795,0.36339832025388974,0.0006526585464737018
20,1,30,PENDING,0.0,0.0808879570595809,0.36503411438031774,0.0006825034694903339
20,1,15,PENDING,0.0,0.08084519893024794,0.3660144137230158,0.000700967453535665
20,1,5,PENDING,0.0,0.08082373029177872,0.3667279605443707,0.0007146700574416735
18,27,480,PENDING,0.0,0.7487252442354881,0.21456458445750562,0.00011374522020623709
18,27,315,PENDING,0.0,0.7504305796714268,0.1844106984393333,1.4139317462162496e-05
18,27,240,PENDING,0.0,0.7509508728860201,0.1755162184671692,6.338791287825797e-06
18,27,180,PENDING,0.0,0.7512571178271397,0.17062834762764598,3.8862018664441705e-06
18,27,120,PENDING,0.0,0.7514677791303028,0.16774518859643348,2.8604523858872716e-06
18,27,60,PENDING,0.0,0.7515844308128115,0.1668813103802657,2.6040203574075025e-06
18,27,30,PENDING,0.0,0.7516078685067544,0.16720901310704117,2.7012976713655163e-06
18,27,15,PENDING,0.0,0.7516109109876385,0.16756289728174267,2.8089920605656047e-06
18,27,5,PENDING,0.0,0.7516097321687257,0.1678691854999422,2.9049903276571988e-06
18,16,480,PENDING,0.0,0.44012157392029994,0.1791686779021345,1.7073097322016115e-07
18,16,315,PENDING,0.0,0.43964777864735227,0.16264194276799307,1.3809876179093433e-08
18,16,240,PENDING,0.0,0.43946000724520895,0.16009867930756527,8.763868863728108e-09
18,16,180,PENDING,0.0,0.4393268874597073,0.1603076358322207,9.081445717156618e-09
18,16,120,PENDING,0.0,0.43921126581576203,0.16250283069517774,1.3382355277273586e-08
18,16,60,PENDING,0.0,0.4391149533449109,0.16666895737482706,2.6913357064011308e-08
18,16,30,PENDING,0.0,0.43907451640312,0.1694843759270268,4.201886575104433e-08
18,16,15,PENDING,0.0,0.43905629874332885,0.1710737333395277,5.3552456149596516e-08
18,16,5,PENDING,0.0,0.43904490666864304,0.17220026847397163,6.33592273591154e-08
18,14,480,PENDING,0.0,0.37736873499999124,0.18613905514302959,1.7986190870514567e-07
18,14,315,PENDING,0.0,0.3764613438703698,0.17154802852494705,2.2093231680801966e-08
18,14,240,PENDING,0.0,0.37613661785240016,0.16990704307930712,1.6842208113474833e-08
18,14,180,PENDING,0.0,0.3759210294699836,0.17084122560844844,1.9550781117672425e-08
18,14,120,PENDING,0.0,0.37574704236979606,0.17376045799708373,3.0947193440876286e-08
18,14,60,PENDING,0.0,0.3756164897848896,0.17864539653321418,6.385529753499647e-08
18,14,30,PENDING,0.0,0.3755679886823719,0.181816978318804,9.933989638019321e-08
18,14,15,PENDING,0.0,0.37554800477243094,0.18358338115462908,1.2591290520869245e-07
18,14,5,PENDING,0.0,0.37553627479555096,0.18482751912324652,1.482359586142411e-07
18,12,480,PENDING,0.0,0.3142273162501319,0.19919509353873258,3.844505175846944e-07
18,12,315,PENDING,0.0,0.312879995260572,0.1861717698916208,7.541193885226745e-08
18,12,240,PENDING,0.0,0.3124178487201674,0.1852400786058013,6.595413431197213e-08
18,12,180,PENDING,0.0,0.31212058289307015,0.1867355942532743,8.05534341522838e-08
18,12,120,PENDING,0.0,0.3118900745010769,0.19020792935067915,1.2679493082625547e-07
18,12,60,PENDING,0.0,0.3117281772231357,0.19563509893170752,2.4708493586658143e-07
18,12,30,PENDING,0.0,0.3116734484718682,0.19907288817848132,3.6761158813319147e-07
18,12,15,PENDING,0.0,0.31165271216149254,0.20097102237580766,4.5417178569109615e-07
18,12,5,PENDING,0.0,0.31164135518906494,0.20230244488099558,5.250883638005136e-07
18,10,480,PENDING,0.0,0.2515096638741443,0.21969104770682502,1.5162204223450225e-06
18,10,315,PENDING,0.0,0.24972425090586803,0.20786924147312247,4.63128809799326e-07
18,10,240,PENDING,0.0,0.24912674210003122,0.20744542254801313,4.3956651237538177e-07
18,10,180,PENDING,0.0,0.2487500554887088,0.209327344284792,5.341923989155067e-07
18,10,120,PENDING,0.0,0.24846583695559288,0.2131670018682865,7.878677701453842e-07
18,10,60,PENDING,0.0,0.24827595626402024,0.21894120756170526,1.3681593362620845e-06
18,10,30,PENDING,0.0,0.24821688139499615,0.22254455378520732,1.8940171515871633e-06
18,10,15,PENDING,0.0,0.24819638218040713,0.22452341721679844,2.2509908314664827e-06
18,10,5,PENDING,0.0,0.24818607556373862,0.22590788916454707,2.533903439908988e-06
18,8,480,PENDING,0.0,0.19005788223925513,0.2486975649935704,8.479371209239953e-06
18,8,315,PENDING,0.0,0.18784602475175965,0.23773863368764708,3.7201297711662504e-06
18,8,240,PENDING,0.0,0.18711811106296836,0.2376299181518862,3.6637982372350684e-06
18,8,180,PENDING,0.0,0.18666585281612935,0.2397282187240946,4.291220663207477e-06
18,8,120,PENDING,0.0,0.1863316752773746,0.24375233707776645,5.778957712859848e-06
18,8,60,PENDING,0.0,0.18611745933675022,0.249679151023527,8.771417682193927e-06
18,8,30,PENDING,0.0,0.1860558195620978,0.2533469297884871,1.1214060212018319e-05
18,8,15,PENDING,0.0,0.18603643621643012,0.25535506074541325,1.2778554084744441e-05
18,8,5,PENDING,0.0,0.18602776115603603,0.2567579567258596,1.3977018835162466e-05
18,4,480,PENDING,0.0,0.07425075815624205,0.33440732567367654,0.0002565297976469933
18,4,315,PENDING,0.0,0.07126191781698551,0.3243507819170108,0.00017554185037471377
18,4,240,PENDING,0.0,0.07029988802433518,0.3243881356113045,0.0001748481264926779
18,4,180,PENDING,0.0,0.06971432526389112,0.3264859701738507,0.00018847837184239168
18,4,120,PENDING,0.0,0.06929493190001132,0.33040752627955416,0.00021695204064243806
18,4,60,PENDING,0.0,0.06904359243905253,0.3361324682059426,0.0002649035336203978
18,4,30,PENDING,0.0,0.06898140488738219,0.3396631159426372,0.0002984684018421525
18,4,15,PENDING,0.0,0.0689662446370575,0.3415938371430291,0.00031819072350554875
18,4,5,PENDING,0.0,0.06896204887873117,0.3429418932449062,0.00033255598323907827
18,2,480,PENDING,0.0,0.02140275088774346,0.39113988167878216,0.001035314877059811
18,2,315,PENDING,0.0,0.01808190595545872,0.38124071970371887,0.0007972238673100238
18,2,240,PENDING,0.0,0.0170214550892126,0.38117201211224855,0.0007921917679685943
18,2,180,PENDING,0.0,0.016380933615783855,0.383106886076988,0.0008303325609230125
18,2,120,PENDING,0.0,0.01592774728897972,0.38679787334655163,0.0009097138030593147
18,2,60,PENDING,0.0,0.015663768897438368,0.3922267851264364,0.0010381130657372718
18,2,30,PENDING,0.0,0.01560318123729093,0.39558564894687026,0.0011243738695177925
18,2,15,PENDING,0.0,0.015590797120930255,0.3974246858360493,0.0011738565308533535
18,2,5,PENDING,0.0,0.015589183159876008,0.3987095044890965,0.0012093887874744177
18,1,480,PENDING,0.0,-0.003472392728245066,0.4228064162076625,0.001894465766625622
18,1,315,PENDING,0.0,-0.006941836273068325,0.41293938937286234,0.0015221759798322472
18,1,240,PENDING,0.0,-0.008045912173250902,0.4127876015363713,0.001510885896368221
18,1,180,PENDING,0.0,-0.008710511196337478,0.4146130787664177,0.0015672787440815482
18,1,120,PENDING,0.0,-0.009178147928468161,0.4181575004553685,0.0016861107243411333
18,1,60,PENDING,0.0,-0.00944695988635702,0.4234038342746922,0.001876418182521324
18,1,30,PENDING,0.0,-0.009506365451549037,0.4266583223885318,0.0020026107734035063
18,1,15,PENDING,0.0,-0.00951726066665981,0.42844198000130196,0.0020744177740192847
18,1,5,PENDING,0.0,-0.009517549924731028,0.4296887135868725,0.002125730051385232
16,27,480,PENDING,0.0,0.4031754127503291,0.14564558212369305,2.0576335401978692e-10
16,27,315,PENDING,0.0,0.401250383844002,0.11281996913832361,1.4766169008614334e-15
16,27,240,PENDING,0.0,0.40070724584064965,0.10316743964881216,4.923164354223979e-18
16,27,180,PENDING,0.0,0.40043700926260617,0.09790243683644069,1.0761764258919479e-19
16,27,120,PENDING,0.0,0.40031946974336163,0.09485720783044961,8.850394115267102e-21
16,27,60,PENDING,0.0,0.4003591273897499,0.0940540707790646,4.4160704328110305e-21
16,27,15,PENDING,0.0,0.40049369080530206,0.09493026906260342,9.500480603911164e-21
16,27,5,PENDING,0.0,0.4005358548456521,0.09529724503096067,1.3005829983697385e-20
16,16,480,PENDING,0.0,0.19064975480841384,0.09669984982400236,1.4816710494401586e-24
16,16,315,PENDING,0.0,0.18820160201355118,0.08121458700147334,1.6354470698322576e-33
16,16,240,PENDING,0.0,0.18748442632240708,0.07973436476224101,1.1552603188946007e-34
16,16,180,PENDING,0.0,0.1870973386870946,0.08105299823364581,1.1441446678226822e-33
16,16,120,PENDING,0.0,0.18688013050003993,0.08457957153446935,3.345049439095936e-31
16,16,60,PENDING,0.0,0.18683568839885578,0.0902879486125559,8.655095289323386e-28
16,16,30,PENDING,0.0,0.1868789399955803,0.09394961594021753,6.507253952613341e-26
16,16,15,PENDING,0.0,0.18691702248774555,0.09598012331787073,5.812646837307902e-25
16,16,5,PENDING,0.0,0.1869485186835855,0.09740728088810893,2.5017094768218683e-24
16,14,480,PENDING,0.0,0.1521025831347508,0.10662691236407396,1.7987848725249224e-21
16,14,240,PENDING,0.0,0.14888175535493983,0.09336490387980938,4.043097858041884e-27
16,14,180,PENDING,0.0,0.14848616354853905,0.0956407430514485,5.253134417686991e-26
16,14,120,PENDING,0.0,0.1482617859285286,0.10012518360949463,5.1655289281379974e-24
16,14,60,PENDING,0.0,0.14821131563990303,0.1067852949675408,1.72298539669301e-21
16,14,30,PENDING,0.0,0.14825195427670576,0.11091839295774722,3.842890095253355e-20
16,14,15,PENDING,0.0,0.14828883058371706,0.11318313578795954,1.8336823726966067e-19
16,14,5,PENDING,0.0,0.14831956044563688,0.11476583116210436,5.183171348941894e-19
16,12,480,PENDING,0.0,0.1139313097689468,0.1259817814775952,9.46409839158244e-17
16,12,315,PENDING,0.0,0.11138818773789452,0.11512526439227724,1.616718997889526e-19
16,12,240,PENDING,0.0,0.11064380852208203,0.1157717547145577,2.4007349918679747e-19
16,12,180,PENDING,0.0,0.11024039062951693,0.1187858223841125,1.5622266457210298e-18
16,12,120,PENDING,0.0,0.11001096218602069,0.12399211459872235,2.9653560621333817e-17
16,12,60,PENDING,0.0,0.1099579683438899,0.13135442180511955,1.0898810296969284e-15
16,12,30,PENDING,0.0,0.10999824260286603,0.13583018084184476,7.439960143059659e-15
16,12,15,PENDING,0.0,0.11003515616200918,0.13826395429422583,1.9625244127672643e-14
16,12,5,PENDING,0.0,0.11006599171626077,0.13995844760842774,3.7472181288497107e-14
16,10,480,PENDING,0.0,0.07642498128660882,0.15638248216501127,3.487348125159535e-12
16,10,315,PENDING,0.0,0.07381910617103996,0.14723220764133496,1.9851754959147824e-13
16,10,240,PENDING,0.0,0.07305885113560823,0.14856854874438336,3.032604988667932e-13
16,10,180,PENDING,0.0,0.07264777484701129,0.15209240029730983,9.137896707390934e-13
16,10,120,PENDING,0.0,0.07241483416635633,0.15777012184822486,4.708399250780032e-12
16,10,60,PENDING,0.0,0.07236221516529379,0.16556504228772514,3.4728384613041275e-11
16,10,30,PENDING,0.0,0.07240407094342577,0.17024245249505185,1.0190592091084924e-10
16,10,15,PENDING,0.0,0.07244211540407586,0.17277337201788007,1.7633370080683268e-10
16,10,5,PENDING,0.0,0.07247382964095728,0.1745312634921775,2.546875892834129e-10
16,8,480,PENDING,0.0,0.03993827121334531,0.19866727432005712,1.0247557408823954e-08
16,8,315,PENDING,0.0,0.03726178800796481,0.1908389034818466,2.9156270927599624e-09
16,8,240,PENDING,0.0,0.03648418727617686,0.1926285563424533,3.857295875840965e-09
16,8,180,PENDING,0.0,0.03606535119177534,0.19644719652994536,6.966241586145752e-09
16,8,120,PENDING,0.0,0.03582980890978593,0.20235990274673046,1.645547893344252e-08
16,8,60,PENDING,0.0,0.03577951704421306,0.21033118077343976,4.7321273287991985e-08
16,8,30,PENDING,0.0,0.035824322953147136,0.21507528558747965,8.435398099041182e-08
16,8,15,PENDING,0.0,0.03586427997644309,0.2176342822683634,1.1357715258936402e-07
16,8,5,PENDING,0.0,0.0358974297673843,0.2194089608119169,1.388189374372594e-07
16,4,480,PENDING,0.0,-0.02839324586224018,0.31838693265247026,7.770490261341787e-05
16,4,315,PENDING,0.0,-0.031218766110516993,0.31221455281778554,5.824346388088838e-05
16,4,240,PENDING,0.0,-0.03203227155806809,0.3143157115321588,6.366384993214034e-05
16,4,180,PENDING,0.0,-0.032466258701328354,0.3181862130290359,7.518310520670179e-05
16,4,120,PENDING,0.0,-0.03270530563869123,0.32397897852278457,9.572642851045864e-05
16,4,60,PENDING,0.0,-0.032747815782115886,0.33166352451467135,0.00012985993302453824
16,4,30,PENDING,0.0,-0.03269498956943273,0.33620365279241204,0.00015423716146342596
16,4,15,PENDING,0.0,-0.03265000642317856,0.33864589093013847,0.00016878513476744662
16,4,5,PENDING,0.0,-0.03261313252583953,0.340337339218188,0.00017948495572398969
16,2,480,PENDING,0.0,-0.05944285494747947,0.3940425799141035,0.0007960716576848595
16,2,315,PENDING,0.0,-0.06233783910493618,0.3883079355230985,0.0006788018699512835
16,2,240,PENDING,0.0,-0.06316773810098258,0.39033708200785466,0.0007130563546434796
16,2,180,PENDING,0.0,-0.06360828872297547,0.39402987374062876,0.0007821161667844164
16,2,120,PENDING,0.0,-0.06384823426753239,0.3995406568867057,0.0008957462965861144
16,2,60,PENDING,0.0,-0.06388611834990804,0.40684208569075525,0.0010656810891841312
16,2,30,PENDING,0.0,-0.06382894880559731,0.4111539073661969,0.0011768707944528056
16,2,15,PENDING,0.0,-0.06378129326076043,0.41347303572659144,0.0012401412375081002
16,2,5,PENDING,0.0,-0.06374245357054531,0.4150791413422207,0.0012854153797768574
16,1,480,PENDING,0.0,-0.07402642040119234,0.43522372254046077,0.0018867006481766285
16,1,315,PENDING,0.0,-0.07695296369297283,0.42963431370259075,0.0016683425320723807
16,1,240,PENDING,0.0,-0.07779017574695363,0.43158622235277316,0.001730791355635121
16,1,180,PENDING,0.0,-0.07823353643382158,0.43515384865453993,0.001856256020383541
16,1,120,PENDING,0.0,-0.07847365984302701,0.44048444289902483,0.002058523278723124
16,1,60,PENDING,0.0,-0.0785091521032702,0.4475522785244371,0.0023522941829524045
16,1,30,PENDING,0.0,-0.07844984162271895,0.4517278797823121,0.0025397087951265045
16,1,15,PENDING,0.0,-0.0784008824489294,0.45397415964543014,0.002644876129070238
16,1,5,PENDING,0.0,-0.07836108789212409,0.4555299690192958,0.002719523993369787
8,27,480,PENDING,0.0,0.4107099082013854,0.8830381167616168,0.16315054780479676
8,27,315,PENDING,0.0,0.4173862396000592,0.865683498249448,0.15549240612276416
8,27,240,PENDING,0.0,0.42040105589869664,0.8604747385912461,0.1533830509352992
8,27,180,PENDING,0.0,0.422797082814568,0.8575352177459233,0.1523117648221275
8,27,120,PENDING,0.0,0.4251750329067139,0.8556950738140141,0.15178832495164934
8,27,60,PENDING,0.0,0.4275312080070038,0.8549591242817594,0.15181343947478515
8,27,30,PENDING,0.0,0.4286999776474727,0.8550059949243634,0.15203209268015916
8,27,15,PENDING,0.0,0.4292818323542516,0.8551331753950349,0.1521930343083815
8,27,5,PENDING,0.0,0.42966875968784296,0.8552563793397603,0.15231946614391134
8,16,480,PENDING,0.0,0.19767800107217598,0.6928930538126133,0.05566408620513541
8,16,315,PENDING,0.0,0.20387763219103866,0.6755716477842573,0.05080723208041074
8,16,240,PENDING,0.0,0.20692692151531908,0.6708000154906097,0.04961274066657542
8,16,180,PENDING,0.0,0.20946335258578452,0.6683997351676649,0.04909736022706576
8,16,120,PENDING,0.0,0.21208150072125068,0.6672661694003942,0.048969297393799294
8,16,60,PENDING,0.0,0.2147769643371422,0.6674024770863396,0.049228471248513705
8,16,30,PENDING,0.0,0.21615225524479864,0.667946932640842,0.049504188801698074
8,16,15,PENDING,0.0,0.2168465321477207,0.6683381307411296,0.04967886985260708
8,16,5,PENDING,0.0,0.21731178848699845,0.668642955636688,0.049809035205126584
8,14,480,PENDING,0.0,0.16067693822018353,0.659486543137195,0.04278120748931086
8,14,315,PENDING,0.0,0.1667081248898039,0.6415956915312389,0.03838088594007902
8,14,240,PENDING,0.0,0.16972126357025213,0.6366663408900864,0.03729861538134821
8,14,180,PENDING,0.0,0.17224703854933218,0.6341873130675678,0.036826568906215384
8,14,120,PENDING,0.0,0.17487075447235617,0.6330179551625572,0.03669945764722238
8,14,60,PENDING,0.0,0.17758796325653586,0.6331619411365514,0.03691683811652763
8,14,30,PENDING,0.0,0.17898016955825696,0.6337266390144227,0.0371556880702332
8,14,15,PENDING,0.0,0.17968440946921305,0.6341320685540459,0.037307976798815756
8,14,5,PENDING,0.0,0.18015686412525916,0.634447904100782,0.03742175772575565
8,12,480,PENDING,0.0,0.12557843010950234,0.6276711583400413,0.03227513734881639
8,12,315,PENDING,0.0,0.13142334782802098,0.6090021231144308,0.028321429685460392
8,12,240,PENDING,0.0,0.13438799315278663,0.6038249952641119,0.027343548448725774
8,12,180,PENDING,0.0,0.13689135923336335,0.6011981017347428,0.02690680344367577
8,12,120,PENDING,0.0,0.13950724841239595,0.5999268309197072,0.026770816592209354
8,12,60,PENDING,0.0,0.14223119916091972,0.6000156995209919,0.02693452214904664
8,12,30,PENDING,0.0,0.1436322281002616,0.6005705809567785,0.02712969911610491
8,12,15,PENDING,0.0,0.14434223920498182,0.6009755619365694,0.02725595863764256
8,12,5,PENDING,0.0,0.14481904425697822,0.6012927534924107,0.027350840147213548
8,10,480,PENDING,0.0,0.09282328512713794,0.5986868084933561,0.02414640110436299
8,10,315,PENDING,0.0,0.09846683586380595,0.579063203121078,0.020619304689984685
8,10,240,PENDING,0.0,0.1013711738799776,0.5735588819360614,0.019739755141174375
8,10,180,PENDING,0.0,0.10384048080162969,0.5707215889228793,0.019334815070772754
8,10,120,PENDING,0.0,0.10643496749104114,0.5692871070156817,0.019187502989559943
8,10,60,PENDING,0.0,0.10915019398955825,0.5692610891288011,0.019295874295304147
8,10,30,PENDING,0.0,0.11055161648341733,0.5697769267728475,0.01944673394865147
8,10,15,PENDING,0.0,0.11126301277981024,0.5701670233113688,0.019546664897860444
8,10,5,PENDING,0.0,0.1117411812489501,0.5704760152550887,0.019622450770692884
8,8,480,PENDING,0.0,0.06276861716778195,0.5740560438503409,0.018249860293681988
8,8,315,PENDING,0.0,0.06819805233891105,0.553356693575779,0.01510423149484505
8,8,240,PENDING,0.0,0.071030891518335,0.5474654427190462,0.014313301767776565
8,8,180,PENDING,0.0,0.07345478679157436,0.5443683268750754,0.013937576370813151
8,8,120,PENDING,0.0,0.07601441574448922,0.5427200115767534,0.013780939201556014
8,8,60,PENDING,0.0,0.07870539588602132,0.5425275074189162,0.013840395987419846
8,8,30,PENDING,0.0,0.08009868909830337,0.5429782001276385,0.013951708338390281
8,8,15,PENDING,0.0,0.080807021323961,0.5433402971680644,0.01402806261766261
8,8,5,PENDING,0.0,0.08128351800402558,0.5436323242586898,0.014086718035260265
8,4,480,PENDING,0.0,0.011728770121783028,0.544732224115986,0.012092551219656002
8,4,315,PENDING,0.0,0.016699277562403414,0.5218263298709563,0.009422587366041561
8,4,240,PENDING,0.0,0.01935856295772259,0.5150958072887575,0.008741178121009684
8,4,180,PENDING,0.0,0.02165981085200791,0.5114087543734601,0.008399620285038469
8,4,120,PENDING,0.0,0.024111430106620757,0.5092467100977123,0.008227061253312344
8,4,60,PENDING,0.0,0.02670925801829427,0.508619626376235,0.008218371933606784
8,4,30,PENDING,0.0,0.028061614314636663,0.5088834786782919,0.008275414299284634
8,4,15,PENDING,0.0,0.028750899536992502,0.5091598806756606,0.008319484864683334
8,4,5,PENDING,0.0,0.02921522691122308,0.5093976577904954,0.008354692768663408
8,2,480,PENDING,0.0,-0.00900006219296523,0.5434544311429444,0.01134648096906029
8,2,315,PENDING,0.0,-0.004271197561728168,0.5195922627839237,0.008690033678582412
8,2,240,PENDING,0.0,-0.001712132606541683,0.5124748689056879,0.008004911705193477
8,2,180,PENDING,0.0,0.0005135260673221897,0.5085031669181542,0.007653843915301037
8,2,120,PENDING,0.0,0.002893796318457764,0.5060802223208648,0.007464860491299914
8,2,60,PENDING,0.0,0.00542467300953281,0.5052173182445049,0.007431863724066838
8,2,30,PENDING,0.0,0.00674525378711005,0.5053730253822667,0.007473502419038006
8,2,15,PENDING,0.0,0.00741908538276026,0.5055978509855864,0.0075090083217752915
8,2,5,PENDING,0.0,0.007873272919394048,0.5058021778855412,0.00753817727349191
8,1,480,PENDING,0.0,-0.018151715690919945,0.546819338943602,0.01152043768620549
8,1,315,PENDING,0.0,-0.013546055528701473,0.5225525981880378,0.008798077452320724
8,1,240,PENDING,0.0,-0.01103998522503008,0.515263940125996,0.008090860246513072
8,1,180,PENDING,0.0,-0.008855227574541602,0.5111622998955168,0.007724699482262447
8,1,120,PENDING,0.0,-0.006514438964342784,0.5086164109842656,0.007522392667282621
8,1,60,PENDING,0.0,-0.004021535501376072,0.5076381356256627,0.007477382674110161
8,1,30,PENDING,0.0,-0.0027193466307631198,0.5077391576447033,0.007513369816446708
8,1,15,PENDING,0.0,-0.0020545570777490973,0.5079374159867993,0.007546115859175376
8,1,5,PENDING,0.0,-0.0016063395320311535,0.508124322998017,0.007573465015745434
4,27,480,PENDING,0.0,0.8220556417757932,0.4361764519823614,0.02914083670899792
4,27,315,PENDING,0.0,0.8374327322539116,0.4094037056837754,0.02305368351880241
4,27,240,PENDING,0.0,0.8437250097624742,0.40126725104517297,0.021433651634352957
4,27,180,PENDING,0.0,0.8484212981604221,0.3966199344899374,0.02059858809369708
4,27,120,PENDING,0.0,0.8528053440714815,0.3936461511051379,0.020153655395228773
4,27,60,PENDING,0.0,0.8568670105513813,0.39235711276926805,0.020090224597762135
4,27,30,PENDING,0.0,0.8587740956785008,0.39234631961300087,0.020201470093185306
4,27,15,PENDING,0.0,0.8596962466025174,0.39249947827522397,0.020293180967951394
4,27,5,PENDING,0.0,0.8602993054698915,0.3926603027370349,0.020367804788464533
4,16,480,PENDING,0.0,0.4856754644670126,0.2709107330982691,0.0002532977517065494
4,16,315,PENDING,0.0,0.49936072448196794,0.2498773598550279,0.00010619870374793867
4,16,240,PENDING,0.0,0.5055391656641963,0.24468039428769847,8.49805405956762e-05
4,16,180,PENDING,0.0,0.51044150581276,0.24250289649275897,7.852112136141713e-05
4,16,120,PENDING,0.0,0.5152948519674384,0.24208592133775633,7.97014193807704e-05
4,16,60,PENDING,0.0,0.5200868565988808,0.2434241367340932,8.882346222017817e-05
4,16,30,PENDING,0.0,0.5224559534194751,0.24474833410836483,9.694987933275357e-05
4,16,15,PENDING,0.0,0.5236330903224856,0.24557346846351413,0.0001020865862742294
4,16,5,PENDING,0.0,0.5244149704574566,0.24618377320108606,0.00010595688427734659
4,14,480,PENDING,0.0,0.42109069923805376,0.23858972697001077,3.063401601875699e-05
4,14,315,PENDING,0.0,0.4342074455258533,0.21746679588343198,7.924221742369042e-06
4,14,240,PENDING,0.0,0.4402517333863092,0.21234826051919278,5.569966440864619e-06
4,14,180,PENDING,0.0,0.4451035471079421,0.2102864506987578,4.92340728261957e-06
4,14,120,PENDING,0.0,0.4499569155831824,0.21003131062466848,5.064939955691275e-06
4,14,60,PENDING,0.0,0.4547992647213086,0.21157635549587117,6.055248061800697e-06
4,14,30,PENDING,0.0,0.45721226342966437,0.21302040856172588,6.980764361938223e-06
4,14,15,PENDING,0.0,0.4584159997337153,0.21390949647088114,7.587895716502143e-06
4,14,5,PENDING,0.0,0.4592173266716869,0.21456391040662562,8.05644726387358e-06
4,12,480,PENDING,0.0,0.35916461487123535,0.20703717708332342,1.4662866461192918e-06
4,12,315,PENDING,0.0,0.3716844231247878,0.18526581039311688,1.4896879262110856e-07
4,12,240,PENDING,0.0,0.37756859263848364,0.1799811317318178,7.931252535078497e-08
4,12,180,PENDING,0.0,0.38234325315135953,0.177846729358881,6.27535682328218e-08
4,12,120,PENDING,0.0,0.3871649051804077,0.17757343334869571,6.469866481130977e-08
4,12,60,PENDING,0.0,0.39202088737336394,0.17915510413585853,8.677192649904743e-08
4,12,30,PENDING,0.0,0.3944576245025138,0.18063801509295901,1.101434232647271e-07
4,12,15,PENDING,0.0,0.39567743828809415,0.18155165391935088,1.2672058315240093e-07
4,12,5,PENDING,0.0,0.3964910368917627,0.1822243274381927,1.4015396695493566e-07
4,10,480,PENDING,0.0,0.3011251327692993,0.17813753638566368,1.9777025991371693e-08
4,10,315,PENDING,0.0,0.3130366263164748,0.15517453298049333,3.2099531154434457e-10
4,10,240,PENDING,0.0,0.3187376761656452,0.1494770559596093,9.222318209187444e-11
4,10,180,PENDING,0.0,0.32340875469294106,0.14707630654586626,5.496350589975639e-11
4,10,120,PENDING,0.0,0.3281652524703532,0.14659625598983075,5.364885059183673e-11
4,10,60,PENDING,0.0,0.3329946190013131,0.14803285517004114,8.619474596814422e-11
4,10,30,PENDING,0.0,0.33543249746713444,0.14946687366972108,1.2990334731655906e-10
4,10,15,PENDING,0.0,0.33665648871405296,0.15036204607344394,1.6581653690118378e-10
4,10,5,PENDING,0.0,0.33747420641473896,0.15102463386253026,1.9775374097394704e-10
4,8,480,PENDING,0.0,0.24790654483533187,0.1540708631894578,6.780709186613069e-11
4,8,315,PENDING,0.0,0.25921044925876036,0.12944941427726242,3.588072048126989e-14
4,8,240,PENDING,0.0,0.2647082553489845,0.12311844721975028,2.709480170535055e-15
4,8,180,PENDING,0.0,0.2692504290658909,0.12027439295758198,7.990339908717662e-16
4,8,120,PENDING,0.0,0.27390838921825966,0.11941226818179124,6.045688003737147e-16
4,8,60,PENDING,0.0,0.2786699173388283,0.120531874128406,1.228086731687033e-15
4,8,30,PENDING,0.0,0.2810854774452536,0.12183282546045686,2.4730894445942883e-15
4,8,15,PENDING,0.0,0.282301223036199,0.12266797331697882,3.791308307252254e-15
4,8,5,PENDING,0.0,0.28311452498633227,0.1232929809408408,5.175011142859585e-15
4,4,480,PENDING,0.0,0.15801081115890028,0.12980777703372723,2.2525755532052444e-15
4,4,315,PENDING,0.0,0.16812149202278961,0.10109474674571543,3.352100394777822e-23
4,4,240,PENDING,0.0,0.1731636998624984,0.09308556807297932,1.142480005732805e-26
4,4,180,PENDING,0.0,0.17738212133657785,0.0890065295218045,9.476753519184611e-29
4,4,120,PENDING,0.0,0.18175367091945052,0.08701904046021272,8.370034740761162e-30
4,4,60,PENDING,0.0,0.1862672942274013,0.08713448205859126,1.3098709082323713e-29
4,4,30,PENDING,0.0,0.18857373198749278,0.0879819501677848,4.8249933267328544e-29
4,4,15,PENDING,0.0,0.18973869542889318,0.08860298020049708,1.1856880722708397e-28
4,4,5,PENDING,0.0,0.190519556482248,0.08908999857770601,2.3492600338099602e-28
4,2,480,PENDING,0.0,0.12162376355844451,0.1342870278077448,5.439961819624765e-15
4,2,315,PENDING,0.0,0.13114718372131992,0.1035933276580044,5.54033045848858e-23
4,2,240,PENDING,0.0,0.13594183353992445,0.09472580403181202,9.522173830299515e-27
4,2,180,PENDING,0.0,0.1399718402848678,0.08999174276200644,3.5547246607302446e-29
4,2,120,PENDING,0.0,0.14416421426175408,0.08738459534906415,1.2663594986890958e-30
4,2,60,PENDING,0.0,0.14850862265191614,0.08692195641054565,8.590523740902063e-31
4,2,30,PENDING,0.0,0.15073443942599032,0.08749770447895483,2.2698974751220123e-30
4,2,15,PENDING,0.0,0.15186013674048868,0.08798746464768128,4.8652853177235054e-30
4,2,5,PENDING,0.0,0.15261521697581484,0.08838871319309566,8.905424253639803e-30
4,1,480,PENDING,0.0,0.10552088467013682,0.1416072498072218,6.123209365361117e-14
4,1,315,PENDING,0.0,0.11475164475146934,0.11005099001356973,5.182099440063779e-21
4,1,240,PENDING,0.0,0.1194184236478738,0.10079603996451708,2.384303139976203e-24
4,1,180,PENDING,0.0,0.12334897463612135,0.09575922968079371,1.538916437213654e-26
4,1,120,PENDING,0.0,0.12744480314678647,0.09285859604471484,6.490992878408721e-28
4,1,60,PENDING,0.0,0.13169597935873228,0.0921142378456533,3.3148159360489314e-28
4,1,30,PENDING,0.0,0.13387655928392783,0.09255426277871025,6.481877449259014e-28
4,1,5,PENDING,0.0,0.13572039869198163,0.0933350372832797,1.8528661773691157e-27
2,27,480,PENDING,0.0,1.003923538426967,0.1965015709200052,0.0003676019769938751
2,27,315,PENDING,0.0,1.0227419951619465,0.1623390808173639,4.8736340738774614e-05
2,27,240,PENDING,0.0,1.0302401769422858,0.15175256249720123,2.089511940315999e-05
2,27,180,PENDING,0.0,1.0357272435986848,0.14558883808728315,1.2036223953635521e-05
2,27,120,PENDING,0.0,1.040741522665877,0.14150891898642845,8.237188027157696e-06
2,27,60,PENDING,0.0,1.0452686351263543,0.13953527821107015,7.003451728732681e-06
2,27,30,PENDING,0.0,1.0473456864868602,0.13934277568374054,7.062008033064835e-06
2,27,15,PENDING,0.0,1.0483370172420376,0.1394455198760296,7.254458434592163e-06
2,27,5,PENDING,0.0,1.0489803284150914,0.13958774841710983,7.447454400180486e-06
2,16,480,PENDING,0.0,0.6299920374697772,0.10161534108641485,1.3310160440505829e-14
2,16,315,PENDING,0.0,0.6462545883834316,0.07875111385847856,7.4273239895691e-22
2,16,240,PENDING,0.0,0.6534243754004023,0.07343776858701784,1.969758619756222e-24
2,16,180,PENDING,0.0,0.6590315722899259,0.07149288499220478,2.0104773329839963e-25
2,16,120,PENDING,0.0,0.6645071979513124,0.07159646802146982,3.4268807241248397e-25
2,16,60,PENDING,0.0,0.6698351994412612,0.07373936279784368,8.737741129956873e-24
2,16,30,PENDING,0.0,0.6724388445727703,0.07557066510955436,9.875130049958249e-23
2,16,15,PENDING,0.0,0.6737247135911753,0.07667515474572567,3.853735864125448e-22
2,16,5,PENDING,0.0,0.6745758851897565,0.07748116762078773,9.984019948347856e-22
2,14,480,PENDING,0.0,0.5554433774859575,0.08804625175627621,4.772668196984712e-20
2,14,315,PENDING,0.0,0.5709023923627198,0.06625861552899986,2.7526482429562344e-32
2,14,240,PENDING,0.0,0.5778769620965342,0.06152060613822621,1.3962454684175224e-36
2,14,180,PENDING,0.0,0.5834061309163816,0.06006850860519888,6.069817658452609e-38
2,14,120,PENDING,0.0,0.5888731555896944,0.06068930083228738,5.322877276334104e-37
2,14,60,PENDING,0.0,0.594261376496775,0.0633692841935352,5.187281610234634e-34
2,14,30,PENDING,0.0,0.5969206212311892,0.06547510023081804,5.58577534574515e-32
2,14,15,PENDING,0.0,0.598240591495032,0.06671807452927067,7.044434497321122e-31
2,14,5,PENDING,0.0,0.5991168154814501,0.0676168137496248,4.0125937464365995e-30
2,12,480,PENDING,0.0,0.48352791065775547,0.07808984658262386,1.1850399888964782e-26
2,12,315,PENDING,0.0,0.4981558440707414,0.05686950189179759,2.3034575597613438e-46
2,12,240,PENDING,0.0,0.5049072477281384,0.05246698254488084,2.177446030457787e-53
2,12,180,PENDING,0.0,0.5103290243041319,0.05131449802905464,2.763075333272831e-55
2,12,120,PENDING,0.0,0.515751779268176,0.052259560431750195,4.229909073374103e-53
2,12,60,PENDING,0.0,0.5211582417491365,0.05528527087585991,1.513467436644699e-47
2,12,30,PENDING,0.0,0.5238497605765533,0.05757095385146242,5.370975158550994e-44
2,12,15,PENDING,0.0,0.525191595093648,0.058905427904369305,4.0030373533358306e-42
2,12,5,PENDING,0.0,0.5260845033551151,0.05986571130414458,7.402599610088635e-41
2,10,480,PENDING,0.0,0.4158382892445374,0.07404811321855967,1.7407670588390682e-31
2,10,240,PENDING,0.0,0.43613657834845965,0.048591127106661344,9.906949148868305e-67
2,10,180,PENDING,0.0,0.4414182625099242,0.04752596604285846,3.719520307776543e-69
2,10,120,PENDING,0.0,0.4467539884272178,0.048575178652501064,5.765080312025974e-66
2,10,60,PENDING,0.0,0.45212639466693927,0.051720820728036514,2.7449768218118017e-58
2,10,30,PENDING,0.0,0.45482066499832075,0.054072064322589,1.7193825712823912e-53
2,10,15,PENDING,0.0,0.4561687980221716,0.05544066198306561,5.457916858276822e-51
2,10,5,PENDING,0.0,0.45706772328681855,0.056424181393522274,2.6264708514365067e-49
2,8,480,PENDING,0.0,0.3535817719610767,0.07796691508510971,1.1959067800857273e-30
2,8,315,PENDING,0.0,0.36656891480161724,0.0564779397582498,2.0934463163739998e-54
2,8,240,PENDING,0.0,0.3727974583448595,0.05200038319321166,4.6753568329494954e-63
2,8,180,PENDING,0.0,0.37790480161786866,0.05081078284560173,1.724511201952627e-65
2,8,120,PENDING,0.0,0.38310687103911967,0.051739955330621167,6.161319769938713e-63
2,8,60,PENDING,0.0,0.3883872827333859,0.05477173435009371,2.9864650772609267e-56
2,8,30,PENDING,0.0,0.3910514255694615,0.05706890166240821,5.8151031295033835e-52
2,8,15,PENDING,0.0,0.3923884965973866,0.058411265951972415,1.0650744350737958e-49
2,8,5,PENDING,0.0,0.39328153476466776,0.05937761160756906,3.617306158589617e-48
2,4,480,PENDING,0.0,0.24783611986121018,0.11512938488949842,2.4759130981810554e-17
2,4,315,PENDING,0.0,0.25928478383036424,0.09199407770565296,3.9561090440242414e-25
2,4,240,PENDING,0.0,0.26491893914533365,0.08664543224891873,9.22582097356896e-28
2,4,180,PENDING,0.0,0.2696015698542533,0.08471640013286844,9.32171965372312e-29
2,4,120,PENDING,0.0,0.27442702567852645,0.08487720195831078,1.5831396917328982e-28
2,4,60,PENDING,0.0,0.2793819304125725,0.08712035639680386,4.09097212181261e-27
2,4,30,PENDING,0.0,0.2819034403379076,0.08901835585406663,4.798335635914434e-26
2,4,15,PENDING,0.0,0.2831743889485356,0.0901603961282586,1.9322685490574894e-25
2,4,5,PENDING,0.0,0.2840253000964297,0.09099300866068688,5.1409012778017015e-25
2,2,480,PENDING,0.0,0.20462940369573157,0.1499737176099358,9.257092308708849e-12
2,2,315,PENDING,0.0,0.21534520486897163,0.12581181545390946,2.0647812538613812e-15
2,2,240,PENDING,0.0,0.22066917130189667,0.11988770787748972,1.3293373835513557e-16
2,2,180,PENDING,0.0,0.2251155910078084,0.11745701345292948,4.156083499343754e-17
2,2,120,PENDING,0.0,0.2297167635489189,0.11708458646024783,3.962561540762515e-17
2,2,60,PENDING,0.0,0.23446072016944436,0.11876794688929278,1.1674010656964188e-16
2,2,30,PENDING,0.0,0.23688223300874028,0.12037767923588572,2.9309725133617307e-16
2,2,15,PENDING,0.0,0.23810463902326873,0.12137377192794743,5.04193295103266e-16
2,2,5,PENDING,0.0,0.23892374477623599,0.12210846782519684,7.4396753509463e-16
2,1,480,PENDING,0.0,0.18537663842171476,0.17166554151909558,1.0038903054647224e-09
2,1,315,PENDING,0.0,0.1957344025572968,0.14700897547174827,3.2202624833917603e-12
2,1,240,PENDING,0.0,0.20090186968057266,0.14079545521268164,5.068262478705253e-13
2,1,180,PENDING,0.0,0.2052266779731115,0.13810781678013923,2.2324907338027308e-13
2,1,120,PENDING,0.0,0.20971004496258713,0.13745827877452207,1.9875521761368378e-13
2,1,60,PENDING,0.0,0.21434066137605157,0.13884672573378698,3.644612697307595e-13
2,1,30,PENDING,0.0,0.21670740317728127,0.14030308224569116,6.346211890304161e-13
2,1,15,PENDING,0.0,0.21790293967011748,0.1412211405166551,8.859408406738397e-13
2,1,5,PENDING,0.0,0.218704331711555,0.14190334056237358,1.1281313550763258e-12
1,27,480,PENDING,0.0,1.0665405037193243,0.15933631423197736,6.350848318216918e-05
1,27,315,PENDING,0.0,1.0860586363385711,0.12313618701445064,1.4996334713636829e-06
1,27,240,PENDING,0.0,1.0937640420518184,0.11181622513439893,2.401795210702635e-07
1,27,180,PENDING,0.0,1.0993634586444438,0.10516465704319188,6.514765354103338e-08
1,27,120,PENDING,0.0,1.1044407250775823,0.1006912538763418,2.452803044439051e-08
1,27,60,PENDING,0.0,1.1089800260635236,0.09842365382836449,1.5052118225107608e-08
1,27,30,PENDING,0.0,1.1110437994906022,0.09812279702695677,1.464396250736898e-08
1,27,15,PENDING,0.0,1.1120236171544695,0.09818118933446536,1.528126538331147e-08
1,16,480,PENDING,0.0,0.6932364770562334,0.0917238823993646,4.753043491941498e-16
1,16,315,PENDING,0.0,0.7100337624368085,0.06758546768108754,2.5269532176865553e-26
1,16,240,PENDING,0.0,0.7173263521323202,0.06183545374340355,1.7179057220051665e-30
1,16,180,PENDING,0.0,0.7229765553456774,0.05961650255249894,2.674901611175229e-32
1,16,120,PENDING,0.0,0.7284460703865052,0.05951822086732848,3.6532559143815017e-32
1,16,60,PENDING,0.0,0.7337192388352609,0.061535252867846585,4.147821254630034e-30
1,16,30,PENDING,0.0,0.7362774199455236,0.06333298463777624,1.5984908338616624e-28
1,16,15,PENDING,0.0,0.7375360969297537,0.06442813151809303,1.2427550121238616e-27
1,16,5,PENDING,0.0,0.7383675002962282,0.06523068553015489,5.195441017631148e-27
1,14,480,PENDING,0.0,0.6176375604518898,0.08707951601133887,4.635535565820422e-19
1,14,315,PENDING,0.0,0.6335955954003454,0.06432254683829021,1.4065665798053926e-31
1,14,240,PENDING,0.0,0.6406754703559119,0.059263342931936996,2.9927314715690403e-36
1,14,180,PENDING,0.0,0.6462332370920905,0.057620137563798614,7.11018824760247e-38
1,14,120,PENDING,0.0,0.6516796519882622,0.05811427840996851,4.851300297915034e-37
1,14,60,PENDING,0.0,0.6569988042819229,0.06073621409956165,5.484531633418918e-34
1,14,30,PENDING,0.0,0.6596056947794241,0.0628396054735353,7.044598765820107e-32
1,14,15,PENDING,0.0,0.6608951085404814,0.06408810752971067,9.826336128393754e-31
1,14,5,PENDING,0.0,0.6617493558028592,0.06499303731792486,5.999194665491496e-30
1,12,480,PENDING,0.0,0.544296305088656,0.08758534851565367,1.789896885886472e-20
1,12,315,PENDING,0.0,0.5593855246960785,0.06581764857181452,4.062953710180421e-33
1,12,240,PENDING,0.0,0.5662247188766727,0.06125242193487067,2.1890437558955876e-37
1,12,180,PENDING,0.0,0.5716611335306391,0.06002062096676494,1.548281236818488e-38
1,12,60,PENDING,0.0,0.5823745614164205,0.06399164667494955,6.733236041575965e-34
1,12,30,PENDING,0.0,0.585007920762525,0.06631312817181477,1.0427440395873098e-31
1,12,15,PENDING,0.0,0.5863164460397694,0.06767100976889197,1.5398257241883372e-30
1,12,5,PENDING,0.0,0.5871856026351935,0.06864894154592051,9.648188145513488e-30
1,10,480,PENDING,0.0,0.47478809387119913,0.09549747503638832,4.754146812704735e-19
1,10,315,PENDING,0.0,0.489000849541658,0.07436998035246829,7.224407095636364e-29
1,10,240,PENDING,0.0,0.49557334503543526,0.07010059311933024,7.917529959624935e-32
1,10,180,PENDING,0.0,0.5008576962969152,0.06910430915638778,1.8521457537328492e-32
1,10,120,PENDING,0.0,0.5061494358359477,0.07025386379625695,2.4851168412654804e-31
1,10,60,PENDING,0.0,0.5114327758649853,0.07353482162381952,1.0008160065443919e-28
1,10,30,PENDING,0.0,0.5140661869951814,0.0759674956534179,4.761572028596753e-27
1,10,15,PENDING,0.0,0.5153799183253834,0.07738030181924219,3.749165776753912e-26
1,10,5,PENDING,0.0,0.5162544599684943,0.07839458843349614,1.5340255431811793e-25
1,8,480,PENDING,0.0,0.4103392559600041,0.11261883854725478,1.81466503242041e-15
1,8,315,PENDING,0.0,0.4236882988584172,0.09181190114995678,1.867748971550439e-21
1,8,240,PENDING,0.0,0.4299724720988922,0.08764135368945587,4.3713357783558186e-23
1,8,180,PENDING,0.0,0.4350752268843945,0.08670111511746402,2.1442119632487307e-23
1,8,120,PENDING,0.0,0.4402300336331043,0.08788559558021385,9.848926090261003e-23
1,8,60,PENDING,0.0,0.4454218808870154,0.0911802784352845,3.1261401302600665e-21
1,8,30,PENDING,0.0,0.4480267662031614,0.0936119959227537,3.0002608062248003e-20
1,8,15,PENDING,0.0,0.4493305622188152,0.09502241289421075,1.01991196753029e-19
1,8,5,PENDING,0.0,0.4502000862434893,0.09603440994604115,2.3676615735343746e-19
1,4,480,PENDING,0.0,0.2994424605045601,0.17812814807605576,1.9254667492685455e-08
1,4,315,PENDING,0.0,0.31114437591180494,0.157158587427138,4.82209252459961e-10
1,4,240,PENDING,0.0,0.31681046387027856,0.15267922338100928,1.9374361666911055e-10
1,4,180,PENDING,0.0,0.32148146705976427,0.1513887464747834,1.5626470554342107e-10
1,4,120,PENDING,0.0,0.32626281158606824,0.15213470852581384,2.056731465848512e-10
1,4,60,PENDING,0.0,0.33114187049857297,0.1549070405373911,4.288398516789693e-10
1,4,30,PENDING,0.0,0.3336138414890152,0.15704783705653438,7.190139708160481e-10
1,4,15,PENDING,0.0,0.3348571721333553,0.15830569017822413,9.611652767373974e-10
1,4,5,PENDING,0.0,0.33568862771943797,0.1592134161265997,1.1788176144784284e-09
1,2,480,PENDING,0.0,0.25348557753585504,0.2268410913238114,2.888203502938652e-06
1,2,315,PENDING,0.0,0.26440955647952535,0.20553542577965533,4.275608015141841e-07
1,2,240,PENDING,0.0,0.26975661846240956,0.20073484589058166,2.66631079248023e-07
1,2,180,PENDING,0.0,0.2741897002977818,0.19911499950674308,2.332697716677022e-07
1,2,120,PENDING,0.0,0.27874973260302055,0.1994702430162463,2.5721119739277734e-07
1,2,60,PENDING,0.0,0.2834253336954744,0.201793879458551,3.548342729959458e-07
1,2,30,PENDING,0.0,0.2858026786003473,0.2036897750363365,4.4997172210601427e-07
1,2,15,PENDING,0.0,0.2870005445627548,0.20482026329399536,5.155529689903851e-07
1,2,5,PENDING,0.0,0.28780238909332206,0.20564130449119453,5.678858404676837e-07
1,1,480,PENDING,0.0,0.2328526262669433,0.255069906938658,1.8324798013137622e-05
1,1,315,PENDING,0.0,0.24339911764413596,0.2335757063549194,4.51257647627702e-06
1,1,240,PENDING,0.0,0.2485861034554504,0.22859632409023004,3.1840577007885394e-06
1,1,180,PENDING,0.0,0.25289711816630417,0.22679342860480647,2.8601400245024196e-06
1,1,120,PENDING,0.0,0.2573409961354215,0.2269316414389768,3.022247327959009e-06
1,1,60,PENDING,0.0,0.2619069545529936,0.22900600334335192,3.7442268489000264e-06
1,1,30,PENDING,0.0,0.2642321185890445,0.23076577579887206,4.405346078900532e-06
1,1,15,PENDING,0.0,0.26540459009845085,0.23182544446796657,4.839885594232982e-06
1,1,5,PENDING,0.0,0.26618976982131237,0.2325982740005457,5.176243234708111e-06
44,27,480,0.23,-1.0,0.28642168477934804,0.02667407887609019,6.723103097757554e-251
44,27,315,0.44,-1.0,0.3197226162135512,0.01569734228513402,0.0
44,27,240,0.16,-1.0,0.33550815887037044,0.013204151292784785,0.0
44,27,180,0.17,-1.0,0.34834190556895017,0.012335963679545495,0.0
44,27,120,0.18,-1.0,0.3612986517537976,0.012478283420748245,0.0
44,27,60,0.18,-1.0,0.37431789213260636,0.013644343774577935,0.0
44,27,30,0.19,-1.0,0.38083120211255567,0.014616432356424026,0.0
44,27,15,0.2,-1.0,0.38408531803260865,0.015200754862531656,0.0
44,27,5,1.52,-1.0,0.3862531313428873,0.015626910584654787,0.0
44,16,480,0.2,-1.0,0.16912153993841564,0.014399850161735932,0.0
44,16,315,0.15,-1.0,0.18789464071252363,0.007348524758408502,0.0
44,16,240,0.17,-1.0,0.19718887132749052,0.0058097523095394605,0.0
44,16,180,0.18,-1.0,0.20495761476848923,0.005311587324055462,0.0
44,16,120,0.18,-1.0,0.21301128595974184,0.0054725411901630095,0.0
44,16,60,0.19,-1.0,0.22133467912697485,0.006311005045289229,0.0
44,16,30,0.2,-1.0,0.22559152589155151,0.006992695641330982,0.0
44,16,15,0.21,-1.0,0.22774252038602422,0.007400944260804304,0.0
44,16,5,0.21,-1.0,0.22918461884075175,0.007698458887625436,0.0
44,14,480,0.21,-1.0,0.16414538043802604,0.012879652725493074,0.0
44,14,315,0.15,-1.0,0.18039042356640173,0.005867726337682455,0.0
44,14,240,0.17,-1.0,0.1884591391965573,0.004372380183066851,0.0
44,14,180,0.18,-1.0,0.1952217180704169,0.003917470997250949,0.0
44,14,120,0.19,-1.0,0.20225230963023744,0.004128160841718991,0.0
44,14,60,0.19,-1.0,0.20954181098069968,0.005022328683753052,0.0
44,14,30,0.2,-1.0,0.21327969837109068,0.005734058726305925,0.0
44,14,15,0.21,-1.0,0.21517108204271823,0.006157876205999072,0.0
44,14,5,0.21,-1.0,0.21644013186472663,0.006465974883268513,0.0
44,12,480,0.21,-1.0,0.1640322202353611,0.013429407223805026,0.0
44,12,315,0.15,-1.0,0.17810816169578603,0.0061605471939902194,0.0
44,12,240,0.17,-1.0,0.1850890327630391,0.004630879626795293,0.0
44,12,180,0.18,-1.0,0.1909380448746159,0.004184225330783621,0.0
44,12,120,0.19,-1.0,0.19701989432896824,0.0044333123879615076,0.0
44,12,60,0.2,-1.0,0.2033300706047978,0.0053941025903346965,0.0
44,12,30,0.2,-1.0,0.20656864912545722,0.006149041902088156,0.0
44,12,15,0.21,-1.0,0.2082083323100602,0.006596810066793252,0.0
44,12,5,0.21,-1.0,0.20930890018537318,0.006921719136403477,0.0
44,10,480,0.21,-1.0,0.16753433625238995,0.01689899832093262,0.0
44,10,315,0.15,-1.0,0.17974352353936227,0.008984293810588134,0.0
44,10,240,0.17,-1.0,0.18576853557025247,0.007296688957702282,0.0
44,10,180,0.41,-1.0,0.1908039729051147,0.0067862137740874896,0.0
44,10,120,0.19,-1.0,0.1960303680762068,0.00702571386881905,0.0
44,10,60,0.2,-1.0,0.20144659748904906,0.008028487283688436,0.0
44,1,5,0.2,-1.0,0.21783295607005318,0.06695426400387562,2.765991640402108e-46
24,27,30,2.08,-1.0,1.905896660309348,0.10553005457927198,0.024276425519913013
24,1,5,0.18,-1.0,0.2752195354646255,0.10631575000887504,2.56840972135319e-19
16,27,30,0.33,-1.0,0.4004388078320697,0.0944972465332877,6.5267122389187236e-21
16,14,315,0.16,-1.0,0.14961192838987428,0.09365944951013931,5.947848362325467e-27
4,1,15,0.15,-1.0,0.13498000835873392,0.09297755989198875,1.1562024404364612e-27
2,10,315,0.32,-1.0,0.4296346273545974,0.05290965351817654,2.605131665819623e-57
1,27,5,1.22,-1.0,1.1126574461926722,0.09829751151349596,1.605047313627586e-08
1,12,120,0.6,-1.0,0.5770497682447564,0.060937876277408494,2.9783427845133793e-37
